1,機動戦士ガンダム,
2,機動戦士Zガンダム,
3,機動戦士ガンダムZZ,
4,機動戦士ガンダム 逆襲のシャア,
5,機動戦士ガンダムF91,
6,機動戦士Vガンダム,
7,機動武闘伝Gガンダム,
8,新機動戦記ガンダムW,
9,新機動戦記ガンダムW Endless Waltz,
10,機動新世紀ガンダムX,
11,∀ガンダム,
12,機動戦士ガンダムSEED,
13,機動戦士ガンダムSEED DESTINY,
14,機動戦士ガンダムOO,
15,機動戦士ガンダムOO -A wakening of the Trailblazer-,
16,機動戦士ガンダムUC,
17,機動戦士ガンダムAGE,
18,ガンダム Gのレコンギスタ,
19,機動戦士ガンダム 鉄血のオルフェンズ,
20,機動戦士ガンダム THE ORIGIN,
21,機動戦士ガンダムNT,
22,機動戦士ガンダム 閃光のハサウェイ,
23,機動戦士ガンダム0080 ポケットの中の戦争,
24,機動戦士ガンダム0083 スターダストメモリー,
25,機動戦士ガンダム 第08MS小隊,
26,機動戦士ガンダム MS Igloo,
27,機動戦士ガンダムSEED C.E.73 STARGAZER,
28,機動戦士ガンダム サンダーボルト,
29,機動戦士ガンダム Twilight AXIS,
30,機動戦士ガンダムMSV,
31,機動戦士ガンダム外伝シリーズ,
32,ガンダム・センチネル,
33,ADVANCE OF Z ティターンズの旗のもとに,
34,機動戦士ガンダムF90,
35,機動戦士ガンダム シルエットフォーミュラー,
36,機動戦士クロスボーンガンダム,
37,新機動戦記ガンダムW デュアルストーリー G-UNIT,
38,機動戦士ガンダムSEED ASTRAYシリーズ,
39,機動戦士ガンダムOO外伝シリーズ,
40,ガンプラビルダーズ,
41,ガンダムビルドファイターズ,
42,ガンダムビルドファイターズトライ,
43,ガンダムビルドダイバーズ,
44,ガンダムビルドダイバーズRe:RISE,
45,G-SAVIOUR,
46,SDガンダムフォース,
47,SDガンダム 三国伝,
48,SDガンダム 三国創傑伝,
49,SDガンダムシリーズ,
50,その他,
51,HGUC,1
52,RG,1
53,MG,1
54,PG,1
55,FG,1
56,メガサイズ,1
57,EXモデル,1
58,U.C. ハードグラフ,1
59,旧キット,1
60,BB戦士,1
61,Gジェネ,1
62,SDEX,1
63,SDCS,1
64,その他,1
65,1/144,1/51
66,1/144,1/52
67,1/100,1/53
68,1/60,1/54
69,1/144,1/55
70,1/48,1/56
71,1/144,1/57
72,1/1700,1/57
73,1/35,1/58
74,1/144,1/59
75,1/100,1/59
76,1/60,1/59
77,1/550,1/59
78,1/1200,1/59
79,1/2400,1/59
80,1/250,1/59
81,1/72,1/59
82,その他,1/59
83,その他,1/60
84,その他,1/61
85,その他,1/62
86,その他,1/63
87,その他,1/64
88,HGUC,2
89,RG,2
90,MG,2
91,RE/100,2
92,PG,2
93,EXモデル,2
94,旧キット,2
95,BB戦士,2
96,Gジェネ,2
97,SDCS,2
98,その他,2
99,1/144,2/88
100,1/144,2/89
101,1/100,2/90
102,1/100,2/91
103,1/60,2/92
104,1/144,2/94
105,1/100,2/94
106,1/60,2/94
107,1/220,2/94
108,1/300,2/94
109,1/2200,2/94
110,その他,2/94
111,その他,2/95
112,その他,2/96
113,その他,2/97
114,その他,2/98
115,HGUC,3
116,MG,3
117,RE/100,3
118,EXモデル,3
119,旧キット,3
120,BB戦士,3
121,Gジェネ,3
122,その他,3
123,1/144,3/115
124,1/100,3/116
125,1/100,3/117
126,1/1700,3/118
127,1/144,3/119
128,1/100,3/119
129,その他,3/120
130,その他,3/121
131,その他,3/122
132,HGUC,4
133,RG,4
134,MG,4
135,RE/100,4
136,旧キット,4
137,BB戦士,4
138,Gジェネ,4
139,SDEX,4
140,その他,4
141,1/144,4/132
142,1/144,4/133
143,1/100,4/134
144,1/100,4/135
145,1/144,4/136
146,1/100,4/136
147,その他,4/137
148,その他,4/138
149,その他,4/139
150,その他,4/140
151,HGUC,5
152,MG,5
153,RE/100,5
154,旧キット,5
155,BB戦士,5
156,Gジェネ,5
157,その他,5
158,1/144,5/151
159,1/100,5/152
160,1/100,5/153
161,1/100,5/154
162,1/60,5/154
163,その他,5/155
164,その他,5/156
165,その他,5/157
166,HGUC,6
167,MG,6
168,RE/100,6
169,旧キット,6
170,BB戦士,6
171,Gジェネ,6
172,その他,6
173,1/144,6/166
174,1/100,6/167
175,1/100,6/168
176,1/144,6/169
177,1/100,6/169
178,1/60,6/169
179,その他,6/170
180,その他,6/171
181,その他,6/172
182,HGFC,7
183,MG,7
184,ハイゾレリューション,7
185,旧キット,7
186,BB戦士,7
187,Gジェネ,7
188,その他,7
189,1/144,7/182
190,1/100,7/183
191,1/100,7/184
192,1/144,7/185
193,1/100,7/185
194,1/60,7/185
195,その他,7/186
196,その他,7/187
197,その他,7/188
198,HGAC,8
199,RG,8
200,MG,8
201,旧キット,8
202,BB戦士,8
203,Gジェネ,8
204,その他,8
205,1/144,8/198
206,1/144,8/199
207,1/100,8/200
208,1/144,8/201
209,1/100,8/201
210,1/60,8/201
211,その他,8/202
212,その他,8/203
213,その他,8/204
214,RG,9
215,MG,9
216,ハイゾレリューション,9
217,PG,9
218,HG,9
219,BB戦士,9
220,SDEX,9
221,SDCS,9
222,その他,9
223,1/144,9/214
224,1/100,9/215
225,1/100,9/216
226,1/60,9/217
227,1/144,9/218
228,1/100,9/218
229,その他,9/219
230,その他,9/220
231,その他,9/221
232,その他,9/222
233,HGAW,10
234,MG,10
235,旧キット,10
236,Gジェネ,10
237,その他,10
238,1/144,10/233
239,1/100,10/234
240,1/144,10/235
241,1/100,10/235
242,その他,10/236
243,その他,10/237
244,HGCC,11
245,MG,11
246,旧キット,11
247,Gジェネ,11
248,その他,11
249,1/144,11/244
250,1/100,11/245
251,1/144,11/246
252,1/100,11/246
253,その他,11/247
254,その他,11/248
255,HGCE,12
256,RG,12
257,MG,12
258,PG,12
259,EXモデル,12
260,HG,12
261,TVシリーズ,12
262,BB戦士,12
263,SDCS,12
264,その他,12
265,1/144,12/255
266,1/144,12/256
267,1/100,12/257
268,1/60,12/258
269,1/1700,12/259
270,1/144,12/260
271,1/144,12/261
272,1/100,12/261
273,1/60,12/261
274,その他,12/262
275,その他,12/263
276,その他,12/264
277,HGCE,13
278,RG,13
279,MG,13
280,PG,13
281,EXモデル,13
282,HG,13
283,TVシリーズ,13
284,BB戦士,13
285,SDEX,13
286,その他,13
287,1/144,13/277
288,1/144,13/278
289,1/100,13/279
290,1/60,13/280
291,1/1700,13/281
292,1/144,13/282
293,1/144,13/283
294,1/100,13/283
295,1/60,13/283
296,その他,13/284
297,その他,13/285
298,その他,13/286
299,HG,14
300,RG,14
301,MG,14
302,PG,14
303,FG,14
304,TVシリーズ,14
305,BB戦士,14
306,SDEX,14
307,その他,14
308,1/144,14/299
309,1/144,14/300
310,1/100,14/301
311,1/60,14/302
312,1/144,14/303
313,1/100,14/304
314,1/60,14/304
315,その他,14/305
316,その他,14/306
317,その他,14/307
318,HG,15
319,MG,15
320,1/144,15/318
321,1/100,15/319
322,HGUC,16
323,RG,16
324,MG,16
325,PG,16
326,メガサイズ,16
327,BB戦士,16
328,SDEX,16
329,SDCS,16
330,その他,16
331,1/144,16/322
332,1/144,16/323
333,1/100,16/324
334,1/60,16/325
335,1/48,16/326
336,その他,16/327
337,その他,16/328
338,その他,16/329
339,その他,16/330
340,HG,17
341,AG,17
342,MG,17
343,メガサイズ,17
344,BB戦士,17
345,その他,17
346,1/144,17/340
347,1/144,17/341
348,1/100,17/342
349,1/48,17/343
350,その他,17/344
351,その他,17/345
352,HG,18
353,1/144,18/352
354,HG,19
355,MG,19
356,ハイゾレリューション,19
357,TVシリーズ,19
358,BB戦士,19
359,SDCS,19
360,その他,19
361,1/144,19/354
362,1/100,19/355
363,1/100,19/356
364,1/100,19/357
365,その他,19/358
366,その他,19/359
367,その他,19/360
368,HG GUNDAM THE ORIGIN,20
369,1/144,20/368
370,HGUC,21
371,1/144,21/370
372,HGUC,22
373,1/144,22/372
374,HGUC,23
375,MG,23
376,RE/100,23
377,U.C. ハードグラフ,23
378,旧キット,23
379,BB戦士,23
380,Gジェネ,23
381,その他,23
382,1/144,23/374
383,1/100,23/375
384,1/100,23/376
385,1/35,23/377
386,1/144,23/378
387,その他,23/379
388,その他,23/380
389,その他,23/381
390,HGUC,24
391,RG,24
392,MG,24
393,RE/100,24
394,PG,24
395,EXモデル,24
396,旧キット,24
397,BB戦士,24
398,Gジェネ,24
399,その他,24
400,1/144,24/390
401,1/144,24/391
402,1/100,24/392
403,1/100,24/393
404,1/60,24/394
405,1/1700,24/395
406,1/144,24/396
407,その他,24/397
408,その他,24/398
409,その他,24/399
410,HGUC,25
411,MG,25
412,EXモデル,25
413,U.C. ハードグラフ,25
414,HG,25
415,Gジェネ,25
416,SDCS,25
417,その他,25
418,1/144,25/410
419,1/100,25/411
420,1/144,25/412
421,1/35,25/413
422,1/144,25/414
423,その他,25/415
424,その他,25/416
425,その他,25/417
426,HGUC,26
427,EXモデル,26
428,U.C. ハードグラフ,26
429,1/144,26/426
430,1/144,26/427
431,1/35,26/428
432,HG,27
433,1/144,27/432
434,HG GUNDAM THUNDERBOLT,28
435,MG,28
436,1/144,28/434
437,1/100,28/435
438,HGUC,29
439,1/144,29/438
440,HGUC,30
441,RG,30
442,MG,30
443,旧キット,30
444,BB戦士,30
445,Gジェネ,30
446,その他,30
447,1/144,30/440
448,1/144,30/441
449,1/100,30/442
450,1/144,30/443
451,1/100,30/443
452,1/60,30/443
453,1/250,30/443
454,その他,30/444
455,その他,30/445
456,その他,30/446
457,HGUC,31
458,MG,31
459,RE/100,31
460,Gジェネ,31
461,その他,31
462,1/144,31/457
463,1/100,31/458
464,1/100,31/459
465,その他,31/460
466,その他,31/461
467,HGUC,32
468,MG,32
469,EXモデル,32
470,旧キット,32
471,BB戦士,32
472,Gジェネ,32
473,その他,32
474,1/144,32/467
475,1/100,32/468
476,1/144,32/469
477,1/144,32/470
478,その他,32/471
479,その他,32/472
480,その他,32/473
481,HGUC,33
482,MG,33
483,その他,33
484,1/144,33/481
485,1/100,33/482
486,その他,33/483
487,MG,34
488,旧キット,34
489,BB戦士,34
490,Gジェネ,34
491,その他,34
492,1/100,34/487
493,1/100,34/488
494,その他,34/489
495,その他,34/490
496,その他,34/491
497,旧キット,35
498,1/100,35/497
499,HGUC,36
500,RG,36
501,MG,36
502,SDCS,36
503,Gジェネ,36
504,その他,36
505,1/144,36/499
506,1/144,36/500
507,1/100,36/501
508,その他,36/502
509,その他,36/503
510,その他,36/504
511,HGAC,37
512,HG,37
513,Gジェネ,37
514,1/144,37/511
515,1/144,37/512
516,その他,37/513
517,HGCE,38
518,RG,38
519,MG,38
520,PG,38
521,ハイゾレリューション,38
522,HG,38
523,TVシリーズ,38
524,BB戦士,38
525,SDEX,38
526,その他,38
527,1/144,38/517
528,1/144,38/518
529,1/100,38/519
530,1/60,38/520
531,1/100,38/521
532,1/144,38/522
533,1/144,38/523
534,その他,38/524
535,その他,38/525
536,その他,38/526
537,HG,39
538,MG,39
539,PG,39
540,BB戦士,39
541,その他,39
542,1/144,39/537
543,1/100,39/538
544,1/60,39/539
545,その他,39/540
546,その他,39/541
547,HG,40
548,1/144,40/547
549,HG,41
550,1/144,41/549
551,HG,42
552,1/144,42/551
553,HG,43
554,1/144,43/553
555,HG,44
556,1/144,44/555
557,HG,45
558,1/144,45/557
559,SDガンダムフォース シリーズ,46
560,BB戦士,46
561,その他,46/559
562,その他,46/560
563,BB戦士,47
564,その他,47/563
565,SDガンダム 三国創傑伝 シリーズ,48
566,その他,48/565
567,BB戦士,49
568,その他,49/567
569,その他,50
570,1/144,50/569
571,1/100,50/569
572,1/60,50/569
573,その他,50/569
574,1/144,12/259
575,1/144,13/281